186.53746032714844,-0.7741388082504272,204.7584228515625
186.60650634765625,-0.5052695274353027,267.0753173828125
186.6116180419922,-0.48214712738990784,270.7984619140625
186.61929321289062,-0.446880966424942,275.4371337890625
186.62185668945312,-0.4350169599056244,277.0240478515625
186.626953125,-0.4106656610965729,279.2213134765625
186.632080078125,-0.3860395550727844,282.5172119140625
186.63719177246094,-0.3614387512207031,284.1651611328125
186.64230346679688,-0.33618950843811035,286.4844970703125
186.6474151611328,-0.3108012080192566,288.4376220703125
186.65252685546875,-0.28522488474845886,290.4517822265625
186.6576385498047,-0.25991204380989075,291.0621337890625
186.66275024414062,-0.23418967425823212,293.5035400390625
186.66786193847656,-0.20759651064872742,293.9307861328125
186.6729736328125,-0.1804480105638504,294.3580322265625
186.67808532714844,-0.15414299070835114,295.4566650390625
186.6831817626953,-0.12800265848636627,296.0670166015625
186.68829345703125,-0.10092537850141525,296.1890869140625
186.69342041015625,-0.07326092571020126,295.7618408203125
186.6985321044922,-0.0458701066672802,296.0059814453125
186.70364379882812,-0.018709972500801086,294.7242431640625
186.7113037109375,0.022732216864824295,293.7476806640625
186.7138671875,0.03684147074818611,293.3204345703125
186.71896362304688,0.0647469013929367,291.8555908203125
186.7266387939453,0.10630707442760468,289.5362548828125
186.73175048828125,0.13374119997024536,288.0714111328125
186.84683227539062,0.6816474795341492,195.2979736328125
186.85194396972656,0.6998876333236694,189.7437744140625
186.8570556640625,0.717737078666687,183.8843994140625
186.859619140625,0.7264151573181152,180.7105712890625
186.86729431152344,0.7516977787017822,171.6163330078125
186.86985778808594,0.7599619626998901,168.3814697265625
186.8749542236328,0.7759197950363159,162.2169189453125
186.88006591796875,0.7915729880332947,155.6251220703125
186.88516235351562,0.8049404621124268,148.9112548828125
186.89027404785156,0.8177435994148254,142.5635986328125
186.89537048339844,0.8299443125724792,135.7276611328125
186.90304565429688,0.8471406102180481,125.3516845703125
186.90560913085938,0.8525571227073669,121.7506103515625
186.9132537841797,0.8678990006446838,111.6798095703125
186.91580200195312,0.872703492641449,108.0787353515625
186.92091369628906,0.8818649649620056,101.4259033203125
186.926025390625,0.8903964161872864,94.2237548828125
186.93113708496094,0.8983084559440613,87.2657470703125
186.93624877929688,0.9056073427200317,80.1856689453125
186.94137573242188,0.9122772216796875,73.0445556640625
186.9464874267578,0.9183253049850464,66.0865478515625
186.95159912109375,0.9237043261528015,58.7623291015625
186.95925903320312,0.9305818676948547,47.8370361328125
186.96435546875,0.9343637824058533,40.8790283203125
186.969482421875,0.9375027418136597,33.6158447265625
187.0281982421875,0.9278460144996643,-47.8050537109375
187.03329467773438,0.9231699705123901,-54.2747802734375
187.03842163085938,0.917866051197052,-61.1717529296875
187.04351806640625,0.9119936227798462,-67.8245849609375
187.0486297607422,0.9055085182189941,-74.5384521484375
187.05374145507812,0.898440957069397,-81.1912841796875
187.058837890625,0.890791118144989,-87.7220458984375
187.06394958496094,0.8825533986091614,-94.1917724609375
187.0690460205078,0.8737573027610779,-100.7225341796875
187.07415771484375,0.8643838763237,-107.0701904296875
187.0792694091797,0.8544431328773499,-113.3568115234375
187.08438110351562,0.8439428210258484,-119.6434326171875
187.08949279785156,0.8328793048858643,-125.8079833984375
187.09458923339844,0.8212920427322388,-131.9114990234375
187.09971618652344,0.8091570138931274,-137.7098388671875
187.1048126220703,0.79653400182724,-143.7523193359375
187.1099090576172,0.7833756804466248,-149.6727294921875
187.11502075195312,0.7710373997688293,-155.2269287109375
187.12013244628906,0.7582398056983948,-161.0252685546875
187.12522888183594,0.7450680732727051,-166.4573974609375
187.13034057617188,0.7313122749328613,-171.9505615234375
187.13546752929688,0.7170441746711731,-177.4437255859375
187.14056396484375,0.7023534178733826,-182.5096435546875
187.1456756591797,0.6871713995933533,-187.5755615234375
187.15078735351562,0.6714136600494385,-192.8245849609375
187.2377166748047,0.34434428811073303,-253.5545654296875
187.24537658691406,0.3110117018222809,-256.6673583984375
187.24794006347656,0.29971185326576233,-257.3997802734375
187.2530517578125,0.2770485579967499,-258.9866943359375
187.25816345214844,0.2539285719394684,-260.6346435546875
187.26327514648438,0.23062890768051147,-261.6722412109375
187.2683868408203,0.2070987969636917,-262.7708740234375
187.27349853515625,0.18343567848205566,-263.2591552734375
187.2786102294922,0.15968918800354004,-264.1136474609375
187.2837371826172,0.1356707066297531,-264.4798583984375
187.2888641357422,0.11145447194576263,-264.4188232421875
187.29397583007812,0.08707285672426224,-264.7239990234375
187.29908752441406,0.06257116794586182,-264.1136474609375
187.30419921875,0.03801720216870308,-263.7474365234375
187.309326171875,0.013350261375308037,-263.0150146484375
187.314453125,-0.011350071057677269,-261.9774169921875
187.31956481933594,-0.03598896414041519,-261.0008544921875
187.3246612548828,-0.060721296817064285,-259.4139404296875
187.32977294921875,-0.0852547213435173,-257.8880615234375
187.3348846435547,-0.10971938073635101,-256.4842529296875
187.3400115966797,-0.1342708319425583,-253.9207763671875
187.34512329101562,-0.15869227051734924,-252.2117919921875
187.35023498535156,-0.1827714592218399,-249.7093505859375
187.35536193847656,-0.20656555891036987,-247.2679443359375
187.3604736328125,-0.22966493666172028,-244.7655029296875
187.43716430664062,-0.5466470122337341,-185.1341552734375
187.44483947753906,-0.5736008286476135,-177.4437255859375
187.44740295410156,-0.5822402834892273,-174.0867919921875
187.455078125,-0.6077747941017151,-166.3353271484375
187.460205078125,-0.6239393949508667,-160.3538818359375
187.46531677246094,-0.6400749683380127,-154.7386474609375
187.46788024902344,-0.6478922367095947,-151.6868896484375
187.47299194335938,-0.662874698638916,-145.6444091796875
187.47811889648438,-0.6771823763847351,-139.6019287109375
187.48324584960938,-0.6907359957695007,-133.5594482421875
187.4883575439453,-0.703745424747467,-127.0897216796875
187.4934844970703,-0.7161304354667664,-121.0472412109375
187.49859619140625,-0.7276880741119385,-114.6995849609375
187.5037078857422,-0.7386661171913147,-108.2298583984375
187.51138305664062,-0.754266619682312,-98.5252685546875
187.51649475097656,-0.7637603282928467,-91.9945068359375
187.5216064453125,-0.772368848323822,-85.4637451171875
187.5267333984375,-0.7803541421890259,-78.9329833984375
187.53184509277344,-0.787792444229126,-72.3411865234375
187.5369415283203,-0.7937675714492798,-65.6273193359375
187.5446014404297,-0.8016273975372314,-55.3734130859375
187.54969787597656,-0.8061272501945496,-48.8426513671875
187.55482482910156,-0.810021162033081,-42.0677490234375
187.55992126464844,-0.8132980465888977,-35.1707763671875
187.56504821777344,-0.8159623146057129,-28.3348388671875
187.64418029785156,-0.7823863625526428,71.0303955078125
187.6492919921875,-0.7766351699829102,76.8897705078125
187.65440368652344,-0.7703076004981995,82.8101806640625
187.65953063964844,-0.7633509635925293,88.6085205078125
187.66464233398438,-0.7558899521827698,94.4068603515625
187.6697540283203,-0.7480010986328125,99.9000244140625
187.67486572265625,-0.739610493183136,105.5152587890625
187.6799774169922,-0.7306925058364868,111.0694580078125
187.68508911132812,-0.7213165163993835,116.5626220703125
187.68763732910156,-0.7164868712425232,119.0650634765625
187.6953125,-0.7010664939880371,127.1217041015625
187.70042419433594,-0.6903064846992493,132.3707275390625
187.70555114746094,-0.6792263984680176,137.4366455078125
187.71066284179688,-0.6675631999969482,142.5025634765625
187.7157745361328,-0.6555824875831604,147.3853759765625
187.72088623046875,-0.6430909037590027,152.2681884765625
187.72601318359375,-0.6301556825637817,156.9678955078125
187.7311248779297,-0.616883397102356,161.7286376953125
187.7362518310547,-0.6031100153923035,166.1842041015625
187.74134826660156,-0.5890172123908997,170.3956298828125
187.74647521972656,-0.5745004415512085,174.7901611328125
187.7515869140625,-0.5595946311950684,178.8184814453125
187.75669860839844,-0.5442665219306946,183.0909423828125
187.76182556152344,-0.5284743309020996,186.9361572265625
187.76693725585938,-0.5122936367988586,190.5372314453125
187.84622192382812,-0.22086745500564575,228.1959228515625
187.85133361816406,-0.20060905814170837,228.9893798828125
187.8590087890625,-0.16926656663417816,230.6373291015625
187.86412048339844,-0.14800597727298737,230.8814697265625
187.8692169189453,-0.12688064575195312,231.7359619140625
187.87432861328125,-0.10595455020666122,231.8580322265625
187.8794403076172,-0.08457241207361221,231.9190673828125
187.88711547851562,-0.051879510283470154,231.5528564453125
187.8922119140625,-0.030183957889676094,231.2476806640625
187.89732360839844,-0.008764481171965599,230.3321533203125
187.90245056152344,0.01277827750891447,230.0269775390625
187.90756225585938,0.03456158936023712,228.6231689453125
187.9126739501953,0.05631324648857117,228.0128173828125
187.91778564453125,0.07803118228912354,226.4259033203125
187.9228973388672,0.09958511590957642,225.1441650390625
187.9280242919922,0.12135108560323715,223.3131103515625
187.93313598632812,0.1428663581609726,221.6651611328125
187.93824768066406,0.1641675978899002,219.5899658203125
187.94334411621094,0.18513041734695435,217.2095947265625
187.94847106933594,0.20612511038780212,215.0123291015625
187.95358276367188,0.2270631045103073,212.2657470703125
187.9612579345703,0.25799188017845154,208.1153564453125
187.96636962890625,0.27809688448905945,205.5518798828125
187.9714813232422,0.2981890141963959,202.3170166015625
187.9791259765625,0.32743433117866516,197.5562744140625
188.0609588623047,0.5871768593788147,129.0748291015625
188.0660858154297,0.5996930599212646,123.8258056640625
188.07119750976562,0.6117814779281616,118.3936767578125
188.07632446289062,0.6234490275382996,112.9005126953125
188.0814208984375,0.6342182159423828,107.5904541015625
188.08653259277344,0.6444582343101501,102.2803955078125
188.09164428710938,0.6541528105735779,96.8482666015625
188.0967559814453,0.6631499528884888,91.1719970703125
188.10186767578125,0.6714485883712769,85.8619384765625
188.10699462890625,0.6793804168701172,80.4298095703125
188.1121063232422,0.6870725750923157,74.5704345703125
188.11721801757812,0.6942733526229858,69.0162353515625
188.1248779296875,0.7041091322898865,60.2271728515625
188.1300048828125,0.7099648118019104,54.4288330078125
188.13511657714844,0.7153087258338928,48.5694580078125
188.13768005371094,0.7178720831871033,45.4566650390625
188.14535522460938,0.7247944474220276,36.5455322265625
188.1479034423828,0.7267770767211914,33.5548095703125
188.15301513671875,0.7301428318023682,27.4512939453125
188.1606903076172,0.7341078519821167,18.7232666015625
188.16580200195312,0.7361821532249451,12.6197509765625
188.17091369628906,0.7376323938369751,6.8214111328125
188.17604064941406,0.7384153008460999,0.8399658203125
188.18113708496094,0.7386388778686523,-5.0804443359375
188.18881225585938,0.7380436062812805,-13.6864013671875
188.26806640625,0.6671984195709229,-96.8162841796875
188.27317810058594,0.6588128805160522,-101.6990966796875
188.27828979492188,0.6499767899513245,-106.3988037109375
188.2834014892578,0.6407460570335388,-111.2205810546875
188.2885284423828,0.6311343312263489,-115.9202880859375
188.2936248779297,0.6210922002792358,-120.4368896484375
188.3013153076172,0.6053173542022705,-127.1507568359375
188.30386352539062,0.5998959541320801,-129.4090576171875
188.30899047851562,0.5887896418571472,-133.8035888671875
188.31410217285156,0.5771088600158691,-138.0760498046875
188.31919860839844,0.5651039481163025,-141.9212646484375
188.32431030273438,0.5527142882347107,-146.1326904296875
188.32943725585938,0.5398746728897095,-150.0389404296875
188.3345489501953,0.5267173647880554,-153.8231201171875
188.3396453857422,0.5131955146789551,-157.4852294921875
188.34732055664062,0.49234551191329956,-162.8563232421875
188.35244750976562,0.4780193865299225,-166.0911865234375
188.35755920410156,0.4634842574596405,-169.3870849609375
188.3626708984375,0.44857245683670044,-172.3167724609375
188.36778259277344,0.43345582485198975,-175.5516357421875
188.37289428710938,0.41803255677223206,-178.3592529296875
188.37802124023438,0.4023570716381073,-181.2889404296875
188.38311767578125,0.38643431663513184,-183.8524169921875
188.39077758789062,0.3617497384548187,-187.6365966796875
188.39590454101562,0.34509411454200745,-189.5286865234375
188.47767639160156,0.05260694772005081,-204.2381591796875
188.4827880859375,0.033442117273807526,-203.5057373046875
188.48789978027344,0.014259777963161469,-203.1395263671875
188.49301147460938,-0.004838605411350727,-202.1629638671875
188.4981231689453,-0.023950671777129173,-201.3695068359375
188.5032196044922,-0.04307212308049202,-199.9046630859375
188.50833129882812,-0.06210684776306152,-198.9281005859375
188.51344299316406,-0.08100130409002304,-197.2191162109375
188.5185546875,-0.09987026453018188,-196.0594482421875
188.52366638183594,-0.1184886023402214,-194.0452880859375
188.5287628173828,-0.13672660291194916,-192.3363037109375
188.53387451171875,-0.15483561158180237,-190.2000732421875
188.53900146484375,-0.1727319210767746,-188.1248779296875
188.54409790039062,-0.19066433608531952,-186.1717529296875
188.54920959472656,-0.20822982490062714,-183.6082763671875
188.5543212890625,-0.2256518453359604,-181.2889404296875
188.55941772460938,-0.24280956387519836,-178.9696044921875
188.5645294189453,-0.2596651315689087,-175.6737060546875
188.56964111328125,-0.27659085392951965,-172.9271240234375
188.57476806640625,-0.2932695150375366,-169.8143310546875
188.5798797607422,-0.3097241222858429,-166.6405029296875
188.5850067138672,-0.3259637653827667,-163.0394287109375
188.59011840820312,-0.34195008873939514,-159.8045654296875
188.59523010253906,-0.35768750309944153,-155.7762451171875
188.6029052734375,-0.38045498728752136,-150.1610107421875
188.69496154785156,-0.5801746249198914,-66.4207763671875
188.70263671875,-0.5898290276527405,-58.6693115234375
188.70774841308594,-0.5957837104797363,-53.3592529296875
188.71287536621094,-0.6012312173843384,-48.1102294921875
188.71798706054688,-0.606343150138855,-42.6781005859375
188.7230987548828,-0.6107974052429199,-37.1849365234375
188.72821044921875,-0.6147773265838623,-31.8138427734375
188.7333221435547,-0.6182266473770142,-26.4427490234375
188.7384490966797,-0.6213011145591736,-20.9495849609375
188.74356079101562,-0.6239631772041321,-15.4564208984375
188.74867248535156,-0.6261223554611206,-9.7191162109375
188.7537841796875,-0.6277794241905212,-4.2259521484375
188.7589111328125,-0.6287881731987,1.2061767578125
188.7640380859375,-0.6292999982833862,6.5772705078125
188.7691650390625,-0.6291378736495972,11.9483642578125
188.77427673339844,-0.6284804344177246,16.7701416015625
188.77940368652344,-0.6273496747016907,21.7750244140625
188.7870635986328,-0.6248440742492676,29.1602783203125
188.7921905517578,-0.6225053668022156,34.1651611328125
188.79730224609375,-0.6198328137397766,38.8648681640625
188.8024139404297,-0.6165914535522461,43.6866455078125
188.8075408935547,-0.6128056645393372,48.4473876953125
188.81265258789062,-0.608618974685669,53.2691650390625
188.81776428222656,-0.6041364073753357,57.4805908203125
188.8228759765625,-0.5992259979248047,62.2413330078125
188.90725708007812,-0.46355190873146057,128.8306884765625
188.91236877441406,-0.45225125551223755,132.2486572265625
188.91749572753906,-0.4406779110431671,135.3004150390625
188.922607421875,-0.4287465214729309,138.4742431640625
188.927734375,-0.4164527356624603,141.7091064453125
188.932861328125,-0.40381863713264465,144.4556884765625
188.93798828125,-0.3907293379306793,147.2633056640625
188.94309997558594,-0.3773649036884308,150.0098876953125
188.94564819335938,-0.37057459354400635,150.7423095703125
188.9533233642578,-0.35042038559913635,154.8927001953125
188.9558868408203,-0.34367161989212036,155.8082275390625
188.96099853515625,-0.3295702636241913,158.0054931640625
188.9661102294922,-0.3153238296508789,160.0806884765625
188.97120666503906,-0.3011946380138397,162.0338134765625
188.976318359375,-0.28661054372787476,164.2921142578125
188.98143005371094,-0.2714892327785492,165.7569580078125
188.98654174804688,-0.255953848361969,167.4049072265625
188.9916534423828,-0.24088618159294128,168.5645751953125
188.99929809570312,-0.21857230365276337,171.0670166015625
189.00442504882812,-0.20297741889953613,171.8604736328125
189.00953674316406,-0.18704311549663544,173.1422119140625
189.0146484375,-0.17150379717350006,173.8746337890625
189.01976013183594,-0.15565763413906097,174.6070556640625
189.02487182617188,-0.13946200907230377,175.4005126953125
189.02999877929688,-0.12304086983203888,175.5225830078125
189.11178588867188,0.1386502981185913,164.3531494140625
189.11947631835938,0.16218708455562592,161.6676025390625
189.1245880126953,0.17768238484859467,159.5313720703125
189.12969970703125,0.19313892722129822,157.2730712890625
189.1348114013672,0.20829874277114868,155.1978759765625
189.13992309570312,0.223273366689682,152.8785400390625
189.14505004882812,0.23801620304584503,150.3150634765625
189.15016174316406,0.2526288628578186,147.8736572265625
189.15525817871094,0.26686006784439087,145.0660400390625
189.16036987304688,0.2808707356452942,142.4415283203125
189.1654815673828,0.29456400871276855,139.2677001953125
189.17059326171875,0.30800729990005493,136.3990478515625
189.17572021484375,0.3213042616844177,133.1641845703125
189.1808319091797,0.33405134081840515,130.2955322265625
189.18594360351562,0.34626084566116333,126.8165283203125
189.1910400390625,0.3578731417655945,123.8868408203125
189.1961669921875,0.3695237338542938,120.4688720703125
189.20127868652344,0.3810429871082306,117.1119384765625
189.20640563964844,0.3925461173057556,113.5108642578125
189.21151733398438,0.40369921922683716,109.6046142578125
189.21661376953125,0.41447964310646057,105.9425048828125
189.2217254638672,0.42493563890457153,101.8531494140625
189.22683715820312,0.434841513633728,97.9468994140625
189.23196411132812,0.44453588128089905,93.7965087890625
189.23707580566406,0.4539072513580322,89.7681884765625
189.31640625,0.5435332655906677,20.8594970703125
189.32151794433594,0.5458308458328247,16.0987548828125
189.32662963867188,0.5478019118309021,11.5211181640625
189.3317413330078,0.5493685603141785,6.8824462890625
189.33685302734375,0.5505073070526123,2.1827392578125
189.34197998046875,0.5511596202850342,-2.3948974609375
189.34707641601562,0.5514056086540222,-7.0946044921875
189.35218811035156,0.551273763179779,-11.5501708984375
189.3572998046875,0.5507205128669739,-15.8836669921875
189.36241149902344,0.5496506094932556,-20.3392333984375
189.36753845214844,0.5482354164123535,-24.7337646484375
189.37265014648438,0.5464245676994324,-28.9451904296875
189.3777618408203,0.5442146062850952,-33.4007568359375
189.38287353515625,0.5415604114532471,-37.6732177734375
189.38800048828125,0.5384282469749451,-41.7625732421875
189.3931121826172,0.5349100828170776,-45.9129638671875
189.40077209472656,0.528866708278656,-51.9554443359375
189.4058837890625,0.5242935419082642,-55.9837646484375
189.4110107421875,0.5194091200828552,-59.8289794921875
189.41612243652344,0.514220654964447,-63.7962646484375
189.42123413085938,0.5087230205535889,-67.5194091796875
189.4237823486328,0.505824863910675,-69.5335693359375
189.42889404296875,0.49982306361198425,-73.1956787109375
189.4365692138672,0.4901863932609558,-78.9329833984375
189.44168090820312,0.48348167538642883,-82.4730224609375
189.52603149414062,0.327397882938385,-131.3011474609375
189.53114318847656,0.3156338036060333,-133.2542724609375
189.538818359375,0.2976498305797577,-136.3670654296875
189.54396057128906,0.2853159010410309,-138.2591552734375
189.54905700683594,0.2729000747203827,-140.1512451171875
189.55418395996094,0.26027175784111023,-141.7991943359375
189.5592803955078,0.24744965136051178,-143.0198974609375
189.5618438720703,0.24099503457546234,-143.8133544921875
189.56695556640625,0.22797365486621857,-145.4613037109375
189.57208251953125,0.21476514637470245,-146.4989013671875
189.57974243164062,0.19478186964988708,-148.1468505859375
189.58485412597656,0.18126194179058075,-149.1234130859375
189.58995056152344,0.16763518750667572,-149.9168701171875
189.59507751464844,0.15384836494922638,-150.7103271484375
189.60018920898438,0.13992035388946533,-151.3206787109375
189.6053009033203,0.12592364847660065,-151.7479248046875
189.61044311523438,0.11192082613706589,-152.1751708984375
189.6155548095703,0.09793294966220856,-152.2362060546875
189.6206512451172,0.08385574072599411,-152.4803466796875
189.62576293945312,0.06967400014400482,-152.4193115234375
189.63087463378906,0.05544503033161163,-152.4803466796875
189.63600158691406,0.041172999888658524,-151.9920654296875
189.64111328125,0.026937108486890793,-151.6868896484375
189.64622497558594,0.012682345695793629,-151.0765380859375
189.65133666992188,-0.0015352845657616854,-150.4661865234375
189.73565673828125,-0.22063259780406952,-124.6483154296875
189.7407684326172,-0.2326696664094925,-121.9627685546875
189.74588012695312,-0.2446175366640091,-119.2772216796875
189.75100708007812,-0.2565440535545349,-116.6527099609375
189.756103515625,-0.26798442006111145,-113.9671630859375
189.76121520996094,-0.2792355716228485,-110.6102294921875
189.76632690429688,-0.2903144955635071,-107.9246826171875
189.77145385742188,-0.3010235130786896,-104.7508544921875
189.77911376953125,-0.3165022134780884,-99.8680419921875
189.78424072265625,-0.32647714018821716,-96.5721435546875
189.7893524169922,-0.33604755997657776,-93.2762451171875
189.7919158935547,-0.3406972289085388,-91.3231201171875
189.79959106445312,-0.35419735312461853,-86.0740966796875
189.80470275878906,-0.3627040684223175,-82.7171630859375
189.809814453125,-0.3707209825515747,-79.1160888671875
189.81492614746094,-0.37841394543647766,-75.6981201171875
189.82005310058594,-0.3858572840690613,-72.0970458984375
189.82516479492188,-0.3930399417877197,-68.2518310546875
189.8302764892578,-0.39980292320251465,-64.5286865234375
189.8353729248047,-0.40610387921333313,-60.8665771484375
189.8404998779297,-0.4122310280799866,-56.9603271484375
189.84561157226562,-0.41791388392448425,-52.9930419921875
189.85072326660156,-0.42328014969825745,-49.1478271484375
189.85585021972656,-0.4282521903514862,-45.2415771484375
189.8609619140625,-0.43291476368904114,-41.2132568359375
189.94528198242188,-0.45633646845817566,24.3385009765625
189.95297241210938,-0.4533070921897888,29.5875244140625
189.9580841064453,-0.45090171694755554,33.1885986328125
189.96319580078125,-0.44812771677970886,36.7286376953125
189.96829223632812,-0.4450317919254303,40.2076416015625
189.97340393066406,-0.441590815782547,43.5645751953125
189.97853088378906,-0.4378943145275116,46.9215087890625
189.983642578125,-0.43401816487312317,50.3394775390625
189.98875427246094,-0.4298081696033478,53.6353759765625
189.99388122558594,-0.4252522587776184,56.9312744140625
189.99900817871094,-0.4204277992248535,60.1661376953125
190.00411987304688,-0.4153456389904022,63.2789306640625
190.00921630859375,-0.40994206070899963,66.5137939453125
190.01434326171875,-0.40422719717025757,69.5045166015625
190.01947021484375,-0.3981935381889343,72.6173095703125
190.02456665039062,-0.3919924795627594,75.6690673828125
190.02967834472656,-0.3855595588684082,78.5377197265625
190.0347900390625,-0.3788060247898102,81.4674072265625
190.0399169921875,-0.3716161251068115,84.1529541015625
190.04502868652344,-0.36420148611068726,86.7774658203125
190.05014038085938,-0.35651418566703796,89.4630126953125
190.05526733398438,-0.3486165702342987,92.0264892578125
190.0603790283203,-0.34036460518836975,94.4068603515625
190.0655059814453,-0.33184996247291565,96.9093017578125
190.07061767578125,-0.32234445214271545,97.6417236328125
190.1549835205078,-0.1777787059545517,116.8067626953125
190.1626434326172,-0.16125042736530304,119.6143798828125
190.1677703857422,-0.150220587849617,122.9102783203125
190.17288208007812,-0.1390538066625595,124.0699462890625
190.17800903320312,-0.12787166237831116,126.5113525390625
190.18312072753906,-0.11665713787078857,128.1593017578125
190.188232421875,-0.10477964580059052,129.2579345703125
190.19332885742188,-0.09359802305698395,131.8214111328125
190.19845581054688,-0.08508829772472382,131.4552001953125
190.2035675048828,-0.07493889331817627,133.2252197265625
190.20867919921875,-0.06094364449381828,134.6900634765625
190.2137908935547,-0.04684021323919296,131.7603759765625
190.21890258789062,-0.03482093662023544,131.8824462890625
190.22402954101562,-0.022872835397720337,129.7462158203125
190.2291259765625,-0.008794995956122875,128.8306884765625
190.23678588867188,0.011959328316152096,124.4361572265625
190.24191284179688,0.023486921563744545,123.2154541015625
190.24703979492188,0.034494493156671524,120.6519775390625
190.25216674804688,0.04546262323856354,118.7598876953125
190.2572784423828,0.056080885231494904,116.5626220703125
190.2598419189453,0.06143638864159584,115.2808837890625
190.2649688720703,0.07292447984218597,113.3887939453125
190.2726287841797,0.09066172689199448,108.8721923828125
190.2777557373047,0.101749487221241,106.4918212890625
190.28286743164062,0.11254749447107315,103.9893798828125
190.36721801757812,0.25754064321517944,96.5430908203125
190.37232971191406,0.26634690165519714,96.7261962890625
190.37745666503906,0.27571579813957214,96.7261962890625
190.382568359375,0.285266637802124,96.2379150390625
190.38768005371094,0.2944607734680176,95.6885986328125
190.3927764892578,0.30320727825164795,94.8341064453125
190.39788818359375,0.31162551045417786,93.6134033203125
190.4029998779297,0.3199208378791809,92.6978759765625
190.41065979003906,0.33320221304893494,89.8902587890625
190.41578674316406,0.3421685993671417,87.6319580078125
190.4208984375,0.3506786823272705,85.3736572265625
190.42601013183594,0.3591407835483551,82.3218994140625
190.43113708496094,0.3676064908504486,79.2701416015625
190.43368530273438,0.37171754240989685,77.3780517578125
190.4413604736328,0.382883220911026,72.9224853515625
190.4439239501953,0.38639819622039795,71.3966064453125
190.4490509033203,0.39296454191207886,68.7110595703125
190.45416259765625,0.3990652561187744,66.7579345703125
190.4592742919922,0.40488919615745544,64.4996337890625
190.46694946289062,0.4141042232513428,62.2413330078125
190.47206115722656,0.4202367663383484,60.5933837890625
190.4771728515625,0.4260142743587494,59.1285400390625
190.48228454589844,0.4312867224216461,57.8468017578125
190.48739624023438,0.43632400035858154,56.6260986328125
190.4925079345703,0.44133248925209045,55.2222900390625
190.57432556152344,0.5030589699745178,33.7989501953125
190.5794219970703,0.5059131979942322,33.7379150390625
190.5845489501953,0.5089355707168579,33.6768798828125
190.58966064453125,0.5119831562042236,33.4327392578125
190.59478759765625,0.514746367931366,33.0054931640625
190.59991455078125,0.5174080729484558,32.7613525390625
190.6050262451172,0.5201107263565063,32.3951416015625
190.61013793945312,0.5229364037513733,32.0289306640625
190.61524963378906,0.5256871581077576,31.6627197265625
190.62037658691406,0.5283154249191284,31.4796142578125
190.62548828125,0.5309826731681824,31.4796142578125
190.63059997558594,0.5335877537727356,31.6627197265625
190.63571166992188,0.536020040512085,31.9678955078125
190.64083862304688,0.5383722186088562,32.3951416015625
190.6459503173828,0.5407115817070007,33.1275634765625
190.65106201171875,0.5431704521179199,33.7989501953125
190.65618896484375,0.5457625389099121,34.5924072265625
190.66128540039062,0.5484052896499634,35.5079345703125
190.66639709472656,0.5511892437934875,36.3013916015625
190.67152404785156,0.5541210770606995,37.1558837890625
190.6766357421875,0.5571230053901672,38.1324462890625
190.6817626953125,0.560035228729248,38.9259033203125
190.68687438964844,0.5631877183914185,40.2076416015625
190.69198608398438,0.5664294362068176,41.4893798828125
190.69711303710938,0.5697563290596008,42.7100830078125
190.7789306640625,0.6402507424354553,60.1661376953125
190.78662109375,0.6480430364608765,61.7530517578125
190.79171752929688,0.6534428000450134,62.9127197265625
190.7968292236328,0.6588948369026184,63.9503173828125
190.80194091796875,0.6644436120986938,65.1099853515625
190.8070526123047,0.670119047164917,66.6358642578125
190.81216430664062,0.6759775876998901,67.6734619140625
190.81727600097656,0.6819044351577759,68.7720947265625
190.82493591308594,0.691014289855957,70.2979736328125
190.83006286621094,0.6972578167915344,71.5797119140625
190.83517456054688,0.7034727931022644,72.1900634765625
190.8377227783203,0.7066255807876587,72.6783447265625
190.8453826904297,0.716482400894165,73.6549072265625
190.8505096435547,0.7226457595825195,74.5093994140625
190.85560607910156,0.7289608716964722,75.2418212890625
190.86070251464844,0.7354145050048828,75.5469970703125
190.86582946777344,0.7421662211418152,75.8521728515625
190.8709259033203,0.7488618493080139,75.8521728515625
190.87603759765625,0.7559206485748291,75.3638916015625
190.8811492919922,0.7630268335342407,74.6925048828125
190.88626098632812,0.7700316905975342,73.8990478515625
190.89137268066406,0.7770161628723145,73.4718017578125
190.89649963378906,0.783786416053772,72.8614501953125
190.90415954589844,0.7935405969619751,71.7017822265625
190.90927124023438,0.7998713850975037,71.0914306640625
190.9884796142578,0.8870583772659302,57.6636962890625
190.99359130859375,0.8921688199043274,57.3585205078125
191.00125122070312,0.8998276591300964,57.2974853515625
191.00636291503906,0.9048774242401123,56.7481689453125
191.011474609375,0.9099388122558594,56.8092041015625
191.01658630371094,0.9149247407913208,55.6495361328125
191.0216827392578,0.9197807908058167,54.1846923828125
191.02679443359375,0.924536943435669,53.2081298828125
191.0319061279297,0.9291988015174866,52.3536376953125
191.03701782226562,0.9337639212608337,51.0718994140625
191.04212951660156,0.9382492303848267,50.1563720703125
191.0472412109375,0.9426739811897278,49.6070556640625
191.05233764648438,0.9470522403717041,49.3018798828125
191.0574493408203,0.9514248967170715,48.9356689453125
191.0625762939453,0.955783486366272,48.8746337890625
191.0676727294922,0.9601038694381714,48.6304931640625
191.07276916503906,0.9643881916999817,48.0201416015625
191.08042907714844,0.9707417488098145,47.2266845703125
191.08554077148438,0.9749022722244263,46.5552978515625
191.0906524658203,0.978976309299469,45.5787353515625
191.09576416015625,0.9829906225204468,44.9073486328125
191.1008758544922,0.9869200587272644,44.1138916015625
191.10597229003906,0.9907811880111694,43.1373291015625
191.111083984375,0.994563639163971,42.2828369140625
191.1162109375,0.9982916712760925,41.6114501953125
191.19537353515625,1.0537841320037842,41.3062744140625
191.1979217529297,1.0556056499481201,40.8790283203125
191.2030487060547,1.0592459440231323,40.8179931640625
191.20816040039062,1.0628466606140137,40.5128173828125
191.21327209472656,1.0664432048797607,40.3907470703125
191.21836853027344,1.070046305656433,40.7569580078125
191.22349548339844,1.0736826658248901,40.8179931640625
191.22860717773438,1.0773382186889648,41.1842041015625
191.2337188720703,1.0810296535491943,41.6724853515625
191.23883056640625,1.0847268104553223,41.4283447265625
191.24392700195312,1.0884242057800293,41.6724853515625
191.24903869628906,1.0921051502227783,41.1842041015625
191.254150390625,1.0957244634628296,40.6348876953125
191.25926208496094,1.0992789268493652,39.7193603515625
191.2643585205078,1.102750539779663,38.8648681640625
191.26947021484375,1.1061569452285767,38.0714111328125
191.27459716796875,1.1094887256622314,37.2779541015625
191.27969360351562,1.1127406358718872,36.4234619140625
191.28736877441406,1.1175031661987305,35.3248291015625
191.29248046875,1.1206016540527344,34.7144775390625
191.30015563964844,1.1252037286758423,34.3482666015625
191.3052520751953,1.1282719373703003,34.7144775390625
191.31036376953125,1.1313631534576416,34.7755126953125
191.3154754638672,1.1345021724700928,35.3858642578125
191.32058715820312,1.1376926898956299,35.8741455078125
191.39979553222656,1.190109133720398,40.4517822265625
191.4049072265625,1.193690538406372,40.3297119140625
191.41258239746094,1.1990211009979248,39.5972900390625
191.4176788330078,1.202498197555542,38.9259033203125
191.4228057861328,1.2059297561645508,38.4376220703125
191.42791748046875,1.209294080734253,37.5831298828125
191.4330291748047,1.212607741355896,37.1558837890625
191.43557739257812,1.2142506837844849,36.9727783203125
191.4432373046875,1.2191039323806763,36.0572509765625
191.44578552246094,1.2206873893737793,35.6910400390625
191.45089721679688,1.2238138914108276,34.9586181640625
191.45858764648438,1.2284002304077148,33.8599853515625
191.46881103515625,1.2342875003814697,32.5782470703125
191.4739227294922,1.2371797561645508,32.3951416015625
191.47903442382812,1.2400492429733276,32.1510009765625
191.48416137695312,1.2429225444793701,32.5172119140625
191.4892578125,1.2457960844039917,32.3341064453125
191.49436950683594,1.2487066984176636,32.7003173828125
191.49949645996094,1.2516392469406128,33.0054931640625
191.5045928955078,1.254582405090332,33.1275634765625
191.50970458984375,1.257514476776123,33.0054931640625
191.5148162841797,1.2604165077209473,32.5782470703125
191.51992797851562,1.2632865905761719,32.0899658203125
191.52505493164062,1.266109824180603,31.6627197265625
191.5940399169922,1.302682638168335,30.4420166015625
191.59913635253906,1.3054004907608032,30.6251220703125
191.60426330566406,1.3081330060958862,30.6251220703125
191.60935974121094,1.310866117477417,30.8082275390625
191.61448669433594,1.313611626625061,30.7471923828125
191.6195831298828,1.3163572549819946,30.9302978515625
191.6246795654297,1.319084882736206,30.6251220703125
191.6298065185547,1.32180655002594,30.5030517578125
191.63490295410156,1.3244913816452026,30.1368408203125
191.64002990722656,1.3271628618240356,29.8927001953125
191.64512634277344,1.3298081159591675,29.7095947265625
191.65023803710938,1.33242928981781,29.3433837890625
191.6553497314453,1.335044264793396,29.4654541015625
191.66046142578125,1.3376529216766357,29.2823486328125
191.6655731201172,1.3403033018112183,29.8927001953125
191.67068481445312,1.3430076837539673,30.6251220703125
191.67579650878906,1.3457846641540527,31.4185791015625
191.68089294433594,1.3486186265945435,32.0289306640625
191.68601989746094,1.3514777421951294,32.0899658203125
191.69110107421875,1.3543314933776855,32.1510009765625
191.69622802734375,1.357205867767334,32.0899658203125
191.70132446289062,1.3600506782531738,32.0289306640625
191.70645141601562,1.3628838062286377,31.7237548828125
191.7115478515625,1.3656911849975586,31.4796142578125
191.71665954589844,1.3684660196304321,31.0523681640625
191.80859375,1.4088361263275146,17.7467041015625
191.81369018554688,1.410353660583496,16.8922119140625
191.8188018798828,1.4117735624313354,15.6715087890625
191.8238983154297,1.4130998849868774,14.6949462890625
191.82901000976562,1.4143245220184326,13.5352783203125
191.83412170410156,1.4154798984527588,12.7418212890625
191.83921813964844,1.4165680408477783,12.1314697265625
191.84432983398438,1.4176009893417358,11.4600830078125
191.8494415283203,1.4185807704925537,10.8497314453125
191.85455322265625,1.4194879531860352,10.0562744140625
191.8596649169922,1.4203284978866577,9.2628173828125
191.86476135253906,1.4211169481277466,8.7135009765625
191.869873046875,1.4218333959579468,7.8590087890625
191.87498474121094,1.422502875328064,7.4317626953125
191.8800811767578,1.423120141029358,6.8214111328125
191.8851776123047,1.4236876964569092,6.3331298828125
191.8877410888672,1.4239691495895386,6.3331298828125
191.89285278320312,1.4245084524154663,5.9058837890625
191.89796447753906,1.4250253438949585,5.7227783203125
191.90306091308594,1.4255307912826538,5.6617431640625
191.9081573486328,1.425998568534851,5.2344970703125
191.91326904296875,1.4264475107192993,4.9903564453125
191.9183807373047,1.4268723726272583,4.6851806640625
191.92349243164062,1.4272677898406982,4.4410400390625
191.93113708496094,1.4278508424758911,4.5020751953125
192.0332489013672,1.4376039505004883,4.8682861328125
192.04090881347656,1.4382719993591309,5.0513916015625
192.04347229003906,1.4384970664978027,5.0513916015625
192.0511016845703,1.4392098188400269,5.4176025390625
192.0536651611328,1.439458966255188,5.6007080078125
192.06130981445312,1.440256118774414,6.2720947265625
192.06385803222656,1.440531611442566,6.2110595703125
192.0689697265625,1.4411088228225708,6.5162353515625
192.07408142089844,1.4416935443878174,6.5772705078125
192.0791778564453,1.4422777891159058,6.5772705078125
192.08428955078125,1.4428595304489136,6.5772705078125
192.0894012451172,1.4434229135513306,6.3331298828125
192.09706115722656,1.4442286491394043,5.9058837890625
192.1021728515625,1.4447405338287354,5.6617431640625
192.10726928710938,1.4452353715896606,5.4786376953125
192.10983276367188,1.4454848766326904,5.6007080078125
192.11492919921875,1.4459819793701172,5.6007080078125
192.1200408935547,1.4464751482009888,5.5396728515625
192.12513732910156,1.4469716548919678,5.6617431640625
192.1302490234375,1.447478175163269,5.7227783203125
192.13534545898438,1.4479888677597046,5.7227783203125
192.14300537109375,1.4487353563308716,5.4786376953125
192.14556884765625,1.4489738941192627,5.3565673828125
192.15321350097656,1.4496382474899292,4.7462158203125
192.1583251953125,1.45004141330719,4.5020751953125
192.24005126953125,1.4540202617645264,2.3048095703125
192.24514770507812,1.4542114734649658,2.0606689453125
192.2528076171875,1.4544668197631836,1.8775634765625
192.26048278808594,1.4546740055084229,1.5113525390625
192.2655792236328,1.4548110961914062,1.5113525390625
192.27069091796875,1.4549480676651,1.5723876953125
192.27578735351562,1.455076813697815,1.5113525390625
192.28089904785156,1.4552085399627686,1.4503173828125
192.2860107421875,1.4553295373916626,1.3282470703125
192.29110717773438,1.4554500579833984,1.3282470703125
192.29623413085938,1.4555467367172241,1.0841064453125
192.3013458251953,1.455629587173462,0.9010009765625
192.3039093017578,1.4556615352630615,0.7178955078125
192.3090057373047,1.4557063579559326,0.4127197265625
192.3141326904297,1.4557403326034546,0.4127197265625
192.3192138671875,1.455757975578308,0.1685791015625
192.32432556152344,1.4557729959487915,0.1075439453125
192.32943725585938,1.4557825326919556,0.1075439453125
192.33453369140625,1.455797553062439,0.2296142578125
192.33963012695312,1.4558151960372925,0.1685791015625
192.34474182128906,1.4558383226394653,0.2296142578125
192.34983825683594,1.4558613300323486,0.2296142578125
192.35494995117188,1.4558953046798706,0.4127197265625
192.36260986328125,1.455950379371643,0.4127197265625
192.36770629882812,1.4559788703918457,0.2906494140625
192.44935607910156,1.456101894378662,-1.8455810546875
192.45448303222656,1.4555648565292358,-7.7659912109375
192.4595947265625,1.4541339874267578,-18.8133544921875
192.46469116210938,1.4520184993743896,-26.1375732421875
192.4698028564453,1.4490702152252197,-34.7435302734375
192.47491455078125,1.4454045295715332,-43.5936279296875
192.4800262451172,1.4409847259521484,-51.7113037109375
192.48512268066406,1.4358233213424683,-60.0120849609375
192.48768615722656,1.432984471321106,-63.7352294921875
192.49534606933594,1.4232414960861206,-76.5526123046875
192.50047302246094,1.4158234596252441,-85.7078857421875
192.5055694580078,1.4076504707336426,-93.8255615234375
192.51068115234375,1.3987512588500977,-102.1263427734375
192.5157928466797,1.3891301155090332,-110.3660888671875
192.52090454101562,1.3786976337432861,-119.1551513671875
192.52603149414062,1.3674993515014648,-127.8221435546875
192.53114318847656,1.3556495904922485,-135.0242919921875
192.53623962402344,1.3431005477905273,-143.5081787109375
192.54135131835938,1.3297210931777954,-152.2362060546875
192.5490264892578,1.3083527088165283,-163.8939208984375
192.55413818359375,1.2932062149047852,-172.1336669921875
192.5592498779297,1.2773268222808838,-180.7396240234375
192.56179809570312,1.2691073417663574,-184.8289794921875
192.56690979003906,1.252203106880188,-191.9700927734375
192.5745849609375,1.2254339456558228,-204.2381591796875
192.65118408203125,0.876627504825592,-312.0872802734375
192.65884399414062,0.8341829776763916,-321.2425537109375
192.66395568847656,0.8052173256874084,-327.1629638671875
192.6690673828125,0.7757735848426819,-332.2288818359375
192.671630859375,0.7627062797546387,-335.0364990234375
192.67930603027344,0.7231931090354919,-343.2152099609375
192.68185424804688,0.71022629737854,-345.4735107421875
192.68698120117188,0.6841553449630737,-351.5159912109375
192.6920928955078,0.6573054194450378,-356.0936279296875
192.69720458984375,0.6295121908187866,-361.2816162109375
192.70486450195312,0.5863657593727112,-367.0189208984375
192.70999145507812,0.5574241876602173,-371.4134521484375
192.715087890625,0.5271011590957642,-375.3807373046875
192.72019958496094,0.4949430823326111,-378.0662841796875
192.72531127929688,0.46330252289772034,-380.8128662109375
192.72787475585938,0.4478265345096588,-382.8880615234375
192.7329864501953,0.416879266500473,-385.3905029296875
192.73809814453125,0.3857682943344116,-387.8929443359375
192.7432098388672,0.35390543937683105,-390.3953857421875
192.74832153320312,0.32118040323257446,-392.3485107421875
192.75344848632812,0.2877933084964752,-394.2406005859375
192.75856018066406,0.25396081805229187,-395.1561279296875
192.763671875,0.21987171471118927,-396.6209716796875
192.77133178710938,0.16816352307796478,-397.5975341796875
192.77647399902344,0.13243675231933594,-397.4144287109375
192.85316467285156,-0.418976366519928,-362.8074951171875
192.86083984375,-0.4719158411026001,-355.8494873046875
192.86595153808594,-0.5062013864517212,-350.6004638671875
192.8710479736328,-0.5408942103385925,-345.8397216796875
192.87619018554688,-0.5747418999671936,-340.1634521484375
192.8813018798828,-0.6080654859542847,-334.5482177734375
192.8838653564453,-0.6246636509895325,-331.9847412109375
192.8889617919922,-0.6571659445762634,-325.7591552734375
192.8940887451172,-0.6892793774604797,-319.8387451171875
192.89920043945312,-0.7198743224143982,-313.1248779296875
192.90432739257812,-0.7508215308189392,-306.7772216796875
192.909423828125,-0.780220627784729,-300.6126708984375
192.91453552246094,-0.8075587153434753,-292.3118896484375
192.91964721679688,-0.8332334756851196,-287.0628662109375
192.9247589111328,-0.8581317067146301,-278.2127685546875
192.92987060546875,-0.8824796676635742,-271.9871826171875
192.93496704101562,-0.9060569405555725,-263.6253662109375
192.94007873535156,-0.9290806651115417,-256.7894287109375
192.9451904296875,-0.951368510723114,-248.4886474609375
192.95030212402344,-0.9729602336883545,-240.7371826171875
192.9553985595703,-0.9938043355941772,-232.8026123046875
192.96051025390625,-1.0139210224151611,-224.5018310546875
192.96560668945312,-1.033271074295044,-215.6517333984375
192.97071838378906,-1.0518765449523926,-206.9847412109375
192.975830078125,-1.0697872638702393,-199.7215576171875
193.05245971679688,-1.2438901662826538,-64.8948974609375
193.06011962890625,-1.2513290643692017,-51.1009521484375
193.0652313232422,-1.255272388458252,-42.2508544921875
193.07034301757812,-1.2583855390548706,-32.6072998046875
193.07545471191406,-1.2606568336486816,-23.0247802734375
193.08055114746094,-1.2620872259140015,-13.6864013671875
193.0856475830078,-1.262712001800537,-4.8363037109375
193.09075927734375,-1.2624748945236206,5.2955322265625
193.0958709716797,-1.2614763975143433,12.0704345703125
193.10098266601562,-1.2596746683120728,24.2164306640625
193.10609436035156,-1.2570852041244507,30.9302978515625
193.11119079589844,-1.2538620233535767,37.6441650390625
193.1162872314453,-1.2496788501739502,49.7291259765625
193.12139892578125,-1.2449915409088135,54.6119384765625
193.1265106201172,-1.2393617630004883,65.7813720703125
193.13162231445312,-1.2331622838974,71.5186767578125
193.13673400878906,-1.2262139320373535,80.3077392578125
193.14183044433594,-1.2184476852416992,88.9747314453125
193.14694213867188,-1.210139513015747,95.8717041015625
193.1520538330078,-1.2009892463684082,104.5386962890625
193.1571502685547,-1.1912286281585693,112.2291259765625
193.1597137451172,-1.1860204935073853,116.9288330078125
193.16738891601562,-1.1693793535232544,127.97618865966797
193.16993713378906,-1.1635156869888306,131.6993408203125
193.175048828125,-1.151206374168396,140.4273681640625
193.2567596435547,-0.8651447296142578,254.4410400390625
193.26187133789062,-0.8420706391334534,260.9718017578125
193.26698303222656,-0.8184722065925598,266.8922119140625
193.2720947265625,-0.7943739295005798,272.6905517578125
193.27719116210938,-0.7710709571838379,278.7330322265625
193.2823028564453,-0.7484135627746582,283.9820556640625
193.2874298095703,-0.7254209518432617,289.3531494140625
193.29254150390625,-0.7016614675521851,294.6632080078125
193.3002166748047,-0.6660657525062561,302.2315673828125
193.30532836914062,-0.6414153575897217,307.2364501953125
193.31045532226562,-0.6160353422164917,311.3868408203125
193.31556701660156,-0.589699923992157,315.9034423828125
193.32069396972656,-0.5638387799263,319.9927978515625
193.3258056640625,-0.5371223092079163,323.2276611328125
193.33091735839844,-0.5097618103027344,327.7442626953125
193.33602905273438,-0.48190364241600037,330.1856689453125
193.34115600585938,-0.45356985926628113,334.2139892578125
193.34628295898438,-0.4257490336894989,336.3502197265625
193.3513946533203,-0.3963368833065033,339.2799072265625
193.3590545654297,-0.3523065149784088,341.9654541015625
193.3641815185547,-0.3220275044441223,345.1392822265625
193.36929321289062,-0.29186156392097473,345.8717041015625
193.376953125,-0.2452099770307541,347.7027587890625
193.382080078125,-0.21433982253074646,348.7403564453125
193.38719177246094,-0.18297863006591797,349.9610595703125
193.46900939941406,0.3350159823894501,327.5611572265625
193.4766845703125,0.38344892859458923,321.5186767578125
193.48179626464844,0.4153720736503601,316.8800048828125
193.48690795898438,0.44654327630996704,312.6685791015625
193.49205017089844,0.4776999354362488,307.7247314453125
193.4971466064453,0.5084721446037292,302.9029541015625
193.50225830078125,0.5388127565383911,298.5084228515625
193.5073699951172,0.567789614200592,292.4049072265625
193.5124969482422,0.5953713655471802,288.0714111328125
193.51760864257812,0.6229912638664246,282.3951416015625
193.52273559570312,0.6498841047286987,277.3902587890625
193.52784729003906,0.6769365668296814,271.4698486328125
193.53294372558594,0.7029415369033813,265.4273681640625
193.53807067871094,0.7292263507843018,259.5679931640625
193.5431671142578,0.7547490000724792,252.9761962890625
193.54827880859375,0.7793387174606323,246.5675048828125
193.5533905029297,0.8020254969596863,239.7315673828125
193.55850219726562,0.8229531645774841,233.3839111328125
193.56361389160156,0.843251645565033,226.3038330078125
193.5687255859375,0.8629142045974731,219.4068603515625
193.57383728027344,0.8820068836212158,212.6929931640625
193.57894897460938,0.9004286527633667,205.3077392578125
193.58404541015625,0.9181931018829346,198.4107666015625
193.58914184570312,0.9353343844413757,191.2086181640625
193.59681701660156,0.9598414301872253,180.0391845703125
193.68112182617188,1.1267954111099243,49.7901611328125
193.6862335205078,1.1306794881820679,41.6724853515625
193.69134521484375,1.1338547468185425,33.6158447265625
193.6964569091797,1.1362991333007812,25.4371337890625
193.70156860351562,1.1380149126052856,17.4415283203125
193.7066650390625,1.1390161514282227,9.2628173828125
193.71177673339844,1.1392937898635864,1.2061767578125
193.71688842773438,1.138875961303711,-6.8504638671875
193.72201538085938,1.1377381086349487,-14.7239990234375
193.72711181640625,1.1358988285064697,-22.6585693359375
193.73220825195312,1.1333534717559814,-30.6541748046875
193.73731994628906,1.130125880241394,-38.2225341796875
193.74241638183594,1.1262203454971313,-45.9129638671875
193.74752807617188,1.1216193437576294,-53.6033935546875
193.7526397705078,1.1163337230682373,-61.2327880859375
193.75775146484375,1.110375165939331,-68.9842529296875
193.76284790039062,1.1037462949752808,-76.4915771484375
193.76795959472656,1.096441388130188,-84.1820068359375
193.77304077148438,1.0884886980056763,-91.4451904296875
193.7807159423828,1.0752958059310913,-102.5535888671875
193.78582763671875,1.0656957626342773,-109.7557373046875
193.7909393310547,1.0554629564285278,-117.0799560546875
193.79603576660156,1.0445656776428223,-124.2821044921875
193.8062744140625,1.020818829536438,-138.6864013671875
193.8854522705078,0.7585227489471436,-237.8074951171875
193.89056396484375,0.739189863204956,-243.3616943359375
193.8956756591797,0.7193889617919922,-248.7327880859375
193.90078735351562,0.6989532113075256,-253.7987060546875
193.9058837890625,0.6779302358627319,-258.8035888671875
193.91099548339844,0.6563168168067932,-263.3201904296875
193.91610717773438,0.6345943808555603,-268.0809326171875
193.9212188720703,0.6125787496566772,-272.3533935546875
193.9263153076172,0.5902016162872314,-276.6258544921875
193.93145751953125,0.5671953558921814,-280.8983154296875
193.9365692138672,0.5435890555381775,-284.3162841796875
193.94168090820312,0.5200241804122925,-288.4056396484375
193.94679260253906,0.49573180079460144,-291.6405029296875
193.95191955566406,0.4709966480731964,-295.1195068359375
193.95704650878906,0.4458064138889313,-297.8050537109375
193.962158203125,0.42041799426078796,-300.7957763671875
193.96726989746094,0.3946091830730438,-303.0540771484375
193.9723663330078,0.36853814125061035,-305.8006591796875
193.9774932861328,0.3419441282749176,-307.8758544921875
193.98516845703125,0.30177855491638184,-310.5003662109375
193.9902801513672,0.27454492449760437,-312.0872802734375
193.9954071044922,0.24710090458393097,-312.9417724609375
194.0005340576172,0.2192225605249405,-314.3455810546875
194.00563049316406,0.1912938803434372,-315.2000732421875
194.0133056640625,0.148798868060112,-315.5052490234375
194.09510803222656,-0.31623533368110657,-288.7108154296875
194.1002197265625,-0.34423136711120605,-284.6214599609375
194.10533142089844,-0.371905118227005,-280.5321044921875
194.11045837402344,-0.39900529384613037,-276.8089599609375
194.11558532714844,-0.4256758987903595,-272.3533935546875
194.12069702148438,-0.4519056975841522,-267.9588623046875
194.1258087158203,-0.47759491205215454,-263.8695068359375
194.1309356689453,-0.5033049583435059,-258.6204833984375
194.1360626220703,-0.5283864736557007,-253.5545654296875
194.14117431640625,-0.5532359480857849,-248.6717529296875
194.14373779296875,-0.5654947757720947,-246.3524169921875
194.1488494873047,-0.5890687704086304,-240.4930419921875
194.1539764404297,-0.6126416325569153,-235.1219482421875
194.15907287597656,-0.6351929903030396,-229.2015380859375
194.16419982910156,-0.6576261520385742,-223.5863037109375
194.1693115234375,-0.6788367629051208,-217.2996826171875
194.177001953125,-0.7101658582687378,-208.2054443359375
194.18211364746094,-0.7301759719848633,-202.0408935546875
194.18722534179688,-0.7495397925376892,-195.6322021484375
194.1897735595703,-0.7590518593788147,-192.6414794921875
194.19488525390625,-0.7775895595550537,-185.5614013671875
194.20001220703125,-0.7945917844772339,-178.9085693359375
194.2051239013672,-0.8100515604019165,-172.0726318359375
194.2102508544922,-0.8249069452285767,-165.1146240234375
194.21536254882812,-0.8391478061676025,-158.0955810546875
194.297119140625,-0.9764205813407898,-35.8421630859375
194.30477905273438,-0.9801580905914307,-24.1234130859375
194.3098907470703,-0.9817778468132019,-16.0667724609375
194.31500244140625,-0.9826772809028625,-8.1932373046875
194.3175506591797,-0.9828655123710632,-4.2259521484375
194.32522583007812,-0.982359766960144,7.4927978515625
194.32777404785156,-0.9818503260612488,11.4600830078125
194.33287048339844,-0.9803656339645386,18.5401611328125
194.34054565429688,-0.9768883585929871,29.7095947265625
194.3456573486328,-0.9737728834152222,36.8507080078125
194.3507537841797,-0.9700307250022888,43.9918212890625
194.35586547851562,-0.9656567573547363,50.8887939453125
194.3609619140625,-0.9606607556343079,58.1519775390625
194.36607360839844,-0.9550436735153198,64.9879150390625
194.3711700439453,-0.9488099813461304,72.0679931640625
194.3762664794922,-0.9419524669647217,79.0260009765625
194.38137817382812,-0.9344582557678223,85.9840087890625
194.38648986816406,-0.9263536930084229,92.8199462890625
194.39161682128906,-0.9176221489906311,99.7169189453125
194.39671325683594,-0.90831059217453,106.3087158203125
194.40182495117188,-0.898392915725708,113.2667236328125
194.4069366455078,-0.887891411781311,119.7974853515625
194.41204833984375,-0.8767903447151184,126.6944580078125
194.41714477539062,-0.8651156425476074,133.0421142578125
194.42225646972656,-0.8528358340263367,139.5728759765625
194.5040283203125,-0.6028354167938232,227.7686767578125
194.50914001464844,-0.5836327075958252,231.9801025390625
194.51425170898438,-0.5639899969100952,235.9473876953125
194.51937866210938,-0.5439507365226746,239.9757080078125
194.5244903564453,-0.5236227512359619,244.0650634765625
194.52960205078125,-0.5027450323104858,247.4219970703125
194.5347137451172,-0.4814026951789856,251.0841064453125
194.53982543945312,-0.45977583527565,254.2579345703125
194.54495239257812,-0.4379570186138153,257.2486572265625
194.55006408691406,-0.4154644310474396,259.9342041015625
194.55516052246094,-0.3927188217639923,263.3521728515625
194.56028747558594,-0.3700949549674988,264.9390869140625
194.56539916992188,-0.34689420461654663,267.8687744140625
194.5705108642578,-0.3233831524848938,270.1881103515625
194.57562255859375,-0.2996525466442108,271.4088134765625
194.5807342529297,-0.2757897973060608,273.1177978515625
194.58584594726562,-0.2519659399986267,275.1319580078125
194.59095764160156,-0.2276029884815216,276.0474853515625
194.5960693359375,-0.20230327546596527,277.9395751953125
194.60116577148438,-0.17731860280036926,278.1226806640625
194.60629272460938,-0.15285034477710724,279.2213134765625
194.6114044189453,-0.12811392545700073,280.0758056640625
194.61651611328125,-0.1022825762629509,279.8927001953125
194.6216278076172,-0.07612800598144531,279.7095947265625
194.62928771972656,-0.037645503878593445,279.5875244140625
194.70852661132812,0.3608039915561676,246.5675048828125
194.71365356445312,0.38477984070777893,242.4171142578125
194.71876525878906,0.40833789110183716,238.9381103515625
194.723876953125,0.4305541217327118,234.7266845703125
194.72900390625,0.4514161944389343,231.1866455078125
194.73411560058594,0.47228580713272095,227.2193603515625
194.7392120361328,0.4938572645187378,223.6182861328125
194.74688720703125,0.5265483856201172,215.8057861328125
194.7520294189453,0.5480951070785522,211.2891845703125
194.75714111328125,0.5689900517463684,205.4908447265625
194.75970458984375,0.5790430903434753,203.3546142578125
194.76736450195312,0.6080450415611267,194.9317626953125
194.7699432373047,0.6174340844154358,192.7344970703125
194.77503967285156,0.636763870716095,187.0582275390625
194.7801513671875,0.6555109620094299,181.2598876953125
194.78526306152344,0.673180341720581,175.4005126953125
194.79037475585938,0.6898191571235657,169.5411376953125
194.79550170898438,0.7061445713043213,163.8038330078125
194.80059814453125,0.7220901846885681,157.6392822265625
194.8057098388672,0.7369232773780823,151.3526611328125
194.8108367919922,0.7503674030303955,145.6763916015625
194.81594848632812,0.7632824182510376,139.6949462890625
194.82106018066406,0.7761601209640503,133.4083251953125
194.826171875,0.788743257522583,127.3048095703125
194.83128356933594,0.7996003031730652,120.6519775390625
194.91302490234375,0.8921006321907043,11.7652587890625
194.92068481445312,0.8927667737007141,1.5723876953125
194.92579650878906,0.8924531936645508,-5.3245849609375
194.930908203125,0.8915214538574219,-12.0994873046875
194.93601989746094,0.8899945616722107,-18.8743896484375
194.94113159179688,0.8878659009933472,-25.6492919921875
194.94369506835938,0.8865844011306763,-28.8841552734375
194.95135498046875,0.8818626999855042,-38.8939208984375
194.9539031982422,0.8799962997436523,-42.0677490234375
194.95901489257812,0.8758144378662109,-48.7205810546875
194.964111328125,0.871066153049469,-55.0682373046875
194.96922302246094,0.8657432198524475,-61.4769287109375
194.9794464111328,0.8533850908279419,-74.1722412109375
194.98455810546875,0.8463786840438843,-80.4588623046875
194.98965454101562,0.8388157486915588,-86.5623779296875
194.99476623535156,0.830700695514679,-92.7879638671875
194.99989318847656,0.8220173120498657,-98.9525146484375
195.00498962402344,0.812838077545166,-104.9339599609375
195.01010131835938,0.8031132221221924,-110.9764404296875
195.01519775390625,0.7928610444068909,-116.8968505859375
195.02029418945312,0.7820851802825928,-122.7562255859375
195.02542114257812,0.7718979120254517,-128.4935302734375
195.03053283691406,0.7612855434417725,-134.2918701171875
195.03564453125,0.750127911567688,-139.9071044921875
195.1149139404297,0.5190688371658325,-211.9896240234375
195.12257385253906,0.4915638864040375,-217.3607177734375
195.127685546875,0.4727785885334015,-220.5955810546875
195.13279724121094,0.4538145661354065,-223.6473388671875
195.13790893554688,0.4344013035297394,-226.7601318359375
195.1430206298828,0.41480690240859985,-229.6287841796875
195.1481475830078,0.39491143822669983,-232.0701904296875
195.1532440185547,0.3747028112411499,-234.6947021484375
195.15835571289062,0.354131281375885,-236.9530029296875
195.16348266601562,0.33337700366973877,-239.0892333984375
195.1685791015625,0.3122098445892334,-241.0423583984375
195.1737060546875,0.2907402813434601,-242.9954833984375
195.17881774902344,0.26895731687545776,-244.3382568359375
195.18394470214844,0.24701513350009918,-245.7420654296875
195.1890411376953,0.22503404319286346,-246.7796630859375
195.19671630859375,0.1915634423494339,-248.3055419921875
195.2018280029297,0.16899804770946503,-248.6717529296875
195.20692443847656,0.14642234146595,-249.3431396484375
195.21205139160156,0.12349705398082733,-249.5262451171875
195.2197265625,0.0889878198504448,-249.6483154296875
195.22483825683594,0.06595854461193085,-249.2821044921875
195.22994995117188,0.042865753173828125,-248.5496826171875
195.2350616455078,0.019680717960000038,-248.3665771484375
195.24017333984375,-0.003668620716780424,-247.2679443359375
195.24526977539062,-0.026905551552772522,-246.3524169921875
195.33984375,-0.4270235002040863,-195.6932373046875
195.34494018554688,-0.44557857513427734,-191.2987060546875
195.3526153564453,-0.47336745262145996,-184.7679443359375
195.3577423095703,-0.49158260226249695,-179.5799560546875
195.36285400390625,-0.5092718005180359,-175.0023193359375
195.36798095703125,-0.5263240337371826,-170.1805419921875
195.37307739257812,-0.5427676439285278,-164.8704833984375
195.37820434570312,-0.5590428113937378,-160.1097412109375
195.38330078125,-0.5748682618141174,-154.4334716796875
195.38841247558594,-0.5903579592704773,-149.0013427734375
195.39353942871094,-0.6047652959823608,-143.5081787109375
195.39865112304688,-0.6190505027770996,-137.8319091796875
195.4037628173828,-0.6329368948936462,-132.1556396484375
195.40887451171875,-0.6459593772888184,-126.3572998046875
195.4139862060547,-0.6581834554672241,-120.4368896484375
195.41909790039062,-0.6698828935623169,-114.5775146484375
195.42420959472656,-0.6810206770896912,-108.7791748046875
195.4293212890625,-0.6915919780731201,-102.4315185546875
195.4344482421875,-0.7013670802116394,-96.4500732421875
195.43955993652344,-0.7105641961097717,-90.4686279296875
195.44467163085938,-0.7193762063980103,-84.2430419921875
195.44979858398438,-0.727524995803833,-77.8953857421875
195.4549102783203,-0.7349833250045776,-71.9139404296875
195.46002197265625,-0.7417741417884827,-65.5052490234375
195.46511840820312,-0.7480748891830444,-59.0355224609375
195.5443878173828,-0.7726185321807861,38.5596923828125
195.54949951171875,-0.7695971727371216,44.4190673828125
195.5546112060547,-0.7657836079597473,50.2784423828125
195.55972290039062,-0.7615424990653992,56.0157470703125
195.56483459472656,-0.7568230628967285,61.6920166015625
195.56996154785156,-0.7515956163406372,67.4903564453125
195.57505798339844,-0.7457636594772339,73.0445556640625
195.58018493652344,-0.7392131090164185,78.5987548828125
195.58529663085938,-0.7324011921882629,84.0308837890625
195.58786010742188,-0.7288740277290344,86.6553955078125
195.5929718017578,-0.7213936448097229,92.0875244140625
195.59808349609375,-0.7133440971374512,97.3975830078125
195.6031951904297,-0.7047213912010193,102.7076416015625
195.61085510253906,-0.6912606358528137,110.3370361328125
195.61598205566406,-0.6816179156303406,115.5860595703125
195.62109375,-0.6715778112411499,120.3468017578125
195.62620544433594,-0.6610302925109863,125.2906494140625
195.63131713867188,-0.6502535939216614,130.1124267578125
195.6364288330078,-0.6390247941017151,134.7510986328125
195.64154052734375,-0.627395749092102,139.5728759765625
195.6466522216797,-0.6153479218482971,144.2115478515625
195.6517791748047,-0.6029003858566284,148.5450439453125
195.65689086914062,-0.5901227593421936,152.9395751953125
195.66201782226562,-0.5768868923187256,157.1510009765625
195.6671142578125,-0.5632973313331604,161.3013916015625
195.7489471435547,-0.2984452247619629,208.3594970703125
195.75405883789062,-0.2789962589740753,210.4346923828125
195.75917053222656,-0.2594839632511139,211.5943603515625
195.7642822265625,-0.2401767075061798,212.9371337890625
195.7694091796875,-0.221233069896698,214.4019775390625
195.77452087402344,-0.2016724944114685,215.8057861328125
195.77963256835938,-0.18171869218349457,216.2330322265625
195.78472900390625,-0.16180582344532013,216.5992431640625
195.7898406982422,-0.1420103907585144,217.5758056640625
195.79495239257812,-0.12219783663749695,217.5147705078125
195.80006408691406,-0.10181523114442825,218.3692626953125
195.80517578125,-0.0812239944934845,218.0030517578125
195.8077392578125,-0.0709034651517868,218.0030517578125
195.81285095214844,-0.05055178701877594,217.6368408203125
195.81797790527344,-0.030193708837032318,217.0875244140625
195.82308959960938,-0.009766524657607079,216.9654541015625
195.83331298828125,0.031245999038219452,215.0123291015625
195.8384246826172,0.05171898379921913,213.9747314453125
195.84353637695312,0.0722823441028595,212.3878173828125
195.84864807128906,0.0927320048213005,211.1671142578125
195.85377502441406,0.11315054446458817,209.4581298828125
195.85888671875,0.13331136107444763,207.8712158203125
195.864013671875,0.1532268524169922,205.9180908203125
195.86911010742188,0.17307910323143005,203.9039306640625
195.8742218017578,0.19277425110340118,201.5235595703125
195.950927734375,0.45380303263664246,152.6343994140625
195.9586181640625,0.4763866364955902,145.8594970703125
195.9637451171875,0.49077436327934265,141.4039306640625
195.9688720703125,0.5045846104621887,136.5821533203125
195.97398376464844,0.5181448459625244,132.4317626953125
195.97909545898438,0.5315842628479004,127.2437744140625
195.98422241210938,0.5443618893623352,122.4219970703125
195.98931884765625,0.5563048124313354,117.3560791015625
195.99188232421875,0.5620484352111816,115.0367431640625
195.99957275390625,0.578853189945221,107.2852783203125
196.0046844482422,0.5895112752914429,102.0972900390625
196.00979614257812,0.5995112061500549,96.9703369140625
196.01490783691406,0.6088160872459412,91.8433837890625
196.02005004882812,0.6178533434867859,86.4722900390625
196.02516174316406,0.6261681318283081,81.2843017578125
196.0277099609375,0.6299890875816345,78.5987548828125
196.03538513183594,0.6403722763061523,70.9083251953125
196.04049682617188,0.6471322178840637,65.6593017578125
196.04562377929688,0.6535833477973938,60.0440673828125
196.0507354736328,0.6595531105995178,54.6729736328125
196.0558624267578,0.6650367379188538,48.9356689453125
196.0609588623047,0.6700105667114258,43.3814697265625
196.06607055664062,0.6744619011878967,38.0103759765625
196.07118225097656,0.6784445643424988,32.2730712890625
196.0762939453125,0.6819389462471008,26.6578369140625
196.15298461914062,0.6701686382293701,-54.3968505859375
196.16064453125,0.6632701754570007,-62.0872802734375
196.16575622558594,0.6581039428710938,-67.0311279296875
196.17086791992188,0.6524533629417419,-71.9749755859375
196.1759796142578,0.6464642286300659,-76.8577880859375
196.1810760498047,0.6399800777435303,-81.6795654296875
196.1836395263672,0.6365369558334351,-84.0599365234375
196.19129943847656,0.6254475116729736,-91.2010498046875
196.19387817382812,0.6215152144432068,-93.5203857421875
196.19898986816406,0.6133906841278076,-97.9149169921875
196.2041015625,0.6048744320869446,-102.3704833984375
196.20921325683594,0.5960515737533569,-106.8870849609375
196.21432495117188,0.5867885947227478,-111.1595458984375
196.21945190429688,0.577177107334137,-115.6151123046875
196.2245635986328,0.567194402217865,-119.7044677734375
196.2296600341797,0.5568603873252869,-123.8548583984375
196.23477172851562,0.5460969805717468,-127.8831787109375
196.23989868164062,0.5350576639175415,-131.7894287109375
196.24501037597656,0.5235936045646667,-135.5736083984375
196.2501220703125,0.5118259787559509,-139.3577880859375
196.25521850585938,0.4996934235095978,-142.9588623046875
196.2603302001953,0.4871385097503662,-146.3768310546875
196.2654571533203,0.47418880462646484,-149.9779052734375
196.2705535888672,0.4610649049282074,-153.0296630859375
196.27566528320312,0.44763368368148804,-156.2645263671875
196.3472442626953,0.23205453157424927,-186.9652099609375
196.3549041748047,0.20647937059402466,-188.5521240234375
196.3600616455078,0.18912233412265778,-189.5897216796875
196.3651580810547,0.17169417440891266,-190.2000732421875
196.37030029296875,0.15424586832523346,-190.7493896484375
196.3754119873047,0.13659311830997467,-191.2987060546875
196.38052368164062,0.11889257282018661,-191.4207763671875
196.38563537597656,0.10114666819572449,-191.8480224609375
196.3907470703125,0.08331725746393204,-191.5428466796875
196.39585876464844,0.06541990488767624,-191.5428466796875
196.40097045898438,0.0474453829228878,-191.1156005859375
196.4060821533203,0.029493780806660652,-190.6273193359375
196.41119384765625,0.011546882800757885,-189.8948974609375
196.41375732421875,0.002565523609519005,-189.6507568359375
196.4188690185547,-0.015364302322268486,-188.7352294921875
196.42398071289062,-0.03322317451238632,-187.6365966796875
196.42909240722656,-0.05099322274327278,-186.7210693359375
196.43418884277344,-0.068754181265831,-185.1951904296875
196.43930053710938,-0.08635207265615463,-183.9134521484375
196.4469757080078,-0.11266640573740005,-181.4720458984375
196.4521026611328,-0.12993744015693665,-179.6409912109375
196.45721435546875,-0.14694075286388397,-177.5657958984375
196.45977783203125,-0.1553172618150711,-177.0775146484375
196.4648895263672,-0.1719484180212021,-174.3309326171875
196.47256469726562,-0.19673539698123932,-171.3402099609375
196.5569305419922,-0.43481600284576416,-116.1033935546875
196.5620574951172,-0.44657716155052185,-111.2816162109375
196.56716918945312,-0.4577803313732147,-107.1312255859375
196.57228088378906,-0.4683553874492645,-102.5535888671875
196.57740783691406,-0.47843509912490845,-98.1590576171875
196.58251953125,-0.4879499673843384,-93.5814208984375
196.58763122558594,-0.49708572030067444,-89.1868896484375
196.59274291992188,-0.5058133602142334,-84.4261474609375
196.5978546142578,-0.514215350151062,-79.8485107421875
196.6029510498047,-0.5219779014587402,-75.0877685546875
196.60806274414062,-0.5293663740158081,-70.3880615234375
196.61317443847656,-0.536223828792572,-65.3831787109375
196.620849609375,-0.5457072854042053,-58.1810302734375
196.6259765625,-0.5513948202133179,-53.3592529296875
196.631103515625,-0.556749701499939,-48.3543701171875
196.63621520996094,-0.5616795420646667,-43.3494873046875
196.64132690429688,-0.5661634206771851,-38.4056396484375
196.6464385986328,-0.5702802538871765,-33.3397216796875
196.65155029296875,-0.5738894939422607,-28.0906982421875
196.6592254638672,-0.5785226225852966,-20.4002685546875
196.66177368164062,-0.5798069834709167,-18.0809326171875
196.66690063476562,-0.582122266292572,-12.7098388671875
196.67202758789062,-0.5839775204658508,-7.5218505859375
196.6796875,-0.5858690738677979,0.1075439453125
196.68479919433594,-0.5865504741668701,5.2344970703125
196.76918029785156,-0.5313815474510193,78.2935791015625
196.7742919921875,-0.5245797038078308,82.1387939453125
196.77940368652344,-0.5174663662910461,86.1060791015625
196.78453063964844,-0.5100531578063965,90.0123291015625
196.78964233398438,-0.5023302435874939,93.7354736328125
196.79476928710938,-0.4942268431186676,97.6417236328125
196.79986572265625,-0.4858601987361908,101.1817626953125
196.80499267578125,-0.47714370489120483,104.7828369140625
196.8101043701172,-0.46803754568099976,108.2618408203125
196.81520080566406,-0.4586836099624634,111.8629150390625
196.8203125,-0.44901320338249207,115.1588134765625
196.82545471191406,-0.43902087211608887,118.3326416015625
196.83055114746094,-0.42872220277786255,121.5064697265625
196.83566284179688,-0.4181442856788635,124.6192626953125
196.8407745361328,-0.4071674942970276,127.4879150390625
196.8458709716797,-0.395809531211853,130.4786376953125
196.85098266601562,-0.3840106427669525,133.0421142578125
196.85610961914062,-0.371982604265213,135.6666259765625
196.8612060546875,-0.3598766326904297,138.1690673828125
196.86631774902344,-0.3476211428642273,140.7325439453125
196.87142944335938,-0.33524054288864136,142.7467041015625
196.87655639648438,-0.3221765458583832,145.0660400390625
196.8816680908203,-0.3089399039745331,147.1412353515625
196.8867645263672,-0.29590529203414917,149.2164306640625
196.8918914794922,-0.28239378333091736,150.9254150390625
196.96087646484375,-0.08627721667289734,163.9259033203125
196.9659881591797,-0.07094138115644455,164.0479736328125
196.97109985351562,-0.055487729609012604,164.0479736328125
196.97621154785156,-0.04003642126917839,163.7427978515625
196.9813232421875,-0.024666305631399155,163.1934814453125
196.9864501953125,-0.009275512769818306,162.8883056640625
196.99154663085938,0.006088112015277147,162.3389892578125
196.99920654296875,0.028971493244171143,161.1793212890625
197.0043182373047,0.04426608979701996,160.1417236328125
197.0094451904297,0.059537701308727264,159.1651611328125
197.01455688476562,0.07475380599498749,157.8834228515625
197.01966857910156,0.08988844603300095,156.6627197265625
197.0247802734375,0.10485962778329849,155.2589111328125
197.02989196777344,0.11970607936382294,153.7330322265625
197.03500366210938,0.13441605865955353,152.3292236328125
197.0401153564453,0.1489703506231308,150.3760986328125
197.0452117919922,0.1633312851190567,148.5450439453125
197.05032348632812,0.17768295109272003,146.5919189453125
197.05545043945312,0.19191449880599976,144.4556884765625
197.060546875,0.2058180421590805,142.2584228515625
197.06565856933594,0.21947257220745087,139.9390869140625
197.07077026367188,0.23284898698329926,137.6197509765625
197.07589721679688,0.24618376791477203,135.1173095703125
197.08102416992188,0.25926637649536133,132.3707275390625
197.0861358642578,0.2720377445220947,129.8072509765625
197.1833038330078,0.45822596549987793,63.4620361328125
197.18844604492188,0.46468687057495117,59.3726806640625
197.1935577392578,0.4707651436328888,55.2222900390625
197.1986846923828,0.4763607978820801,50.8887939453125
197.20379638671875,0.48147693276405334,46.7384033203125
197.2089080810547,0.4862746298313141,42.3438720703125
197.2140350341797,0.49073705077171326,38.0714111328125
197.21914672851562,0.4946916103363037,33.6768798828125
197.22425842285156,0.4980827867984772,29.5875244140625
197.22935485839844,0.5010258555412292,25.2540283203125
197.23448181152344,0.5034600496292114,20.9205322265625
197.23960876464844,0.505485475063324,16.8311767578125
197.24473571777344,0.5071952939033508,12.6197509765625
197.2498321533203,0.5086460113525391,8.2252197265625
197.25494384765625,0.5098854899406433,4.0137939453125
197.2600555419922,0.5107570290565491,-0.3807373046875
197.26516723632812,0.5111739039421082,-4.7142333984375
197.27029418945312,0.5112346410751343,-8.8035888671875
197.27540588378906,0.5108295679092407,-13.0150146484375
197.28053283691406,0.5100168585777283,-17.2264404296875
197.28564453125,0.5089626312255859,-21.1937255859375
197.29075622558594,0.5075087547302246,-25.2830810546875
197.29588317871094,0.5056576728820801,-29.1893310546875
197.30099487304688,0.5034196972846985,-33.3397216796875
197.3061065673828,0.5007591247558594,-37.2459716796875
197.38539123535156,0.4153043031692505,-91.4451904296875
197.39051818847656,0.40734729170799255,-94.4969482421875
197.39561462402344,0.3990827202796936,-97.4266357421875
197.40328979492188,0.3861250579357147,-101.6380615234375
197.4058380126953,0.381722092628479,-103.0418701171875
197.41094970703125,0.37268027663230896,-105.7884521484375
197.4186248779297,0.35866492986679077,-109.6336669921875
197.42372131347656,0.348969042301178,-112.1361083984375
197.43138122558594,0.3340035676956177,-115.6151123046875
197.43392944335938,0.32889312505722046,-116.7137451171875
197.4390411376953,0.31845614314079285,-118.9110107421875
197.44415283203125,0.30779480934143066,-121.0472412109375
197.4492645263672,0.29694753885269165,-122.9393310546875
197.45437622070312,0.28585943579673767,-125.0145263671875
197.45950317382812,0.2745797038078308,-126.7845458984375
197.46461486816406,0.2630853056907654,-128.4324951171875
197.4697265625,0.25132986903190613,-130.0194091796875
197.474853515625,0.23952656984329224,-131.5452880859375
197.48252868652344,0.2215922325849533,-133.4373779296875
197.4876251220703,0.20948947966098785,-134.8411865234375
197.49273681640625,0.1971680223941803,-135.8177490234375
197.4978485107422,0.1847357153892517,-136.8553466796875
197.50296020507812,0.17220604419708252,-137.5267333984375
197.50807189941406,0.15962478518486023,-138.3201904296875
197.51316833496094,0.14686836302280426,-138.9305419921875
197.59494018554688,-0.061445120722055435,-134.8411865234375
197.60006713867188,-0.07411313056945801,-133.5594482421875
197.60516357421875,-0.08656272292137146,-132.4608154296875
197.6102752685547,-0.09884663671255112,-131.1790771484375
197.61538696289062,-0.11114756017923355,-129.7752685546875
197.62306213378906,-0.1293804794549942,-127.2728271484375
197.62818908691406,-0.14142312109470367,-125.8079833984375
197.63328552246094,-0.15326978266239166,-123.7938232421875
197.63584899902344,-0.15923260152339935,-123.1224365234375
197.64096069335938,-0.17091825604438782,-121.0472412109375
197.6460723876953,-0.18244965374469757,-118.9720458984375
197.6511688232422,-0.19376759231090546,-116.7747802734375
197.65884399414062,-0.21064864099025726,-113.4178466796875
197.66395568847656,-0.22172795236110687,-110.9764404296875
197.6690673828125,-0.23269972205162048,-108.4129638671875
197.6741943359375,-0.24340824782848358,-105.7884521484375
197.67930603027344,-0.2538609504699707,-102.9808349609375
197.68441772460938,-0.26422280073165894,-100.1732177734375
197.6895294189453,-0.2741640508174896,-97.1214599609375
197.69720458984375,-0.28837254643440247,-92.8489990234375
197.69976806640625,-0.29300656914711,-91.5062255859375
197.7048797607422,-0.30207887291908264,-88.2713623046875
197.71766662597656,-0.3233602046966553,-80.2757568359375
197.7227783203125,-0.3312457501888275,-77.0408935546875
197.80462646484375,-0.41414961218833923,-19.7899169921875
197.8097381591797,-0.41658440232276917,-15.9447021484375
197.8148651123047,-0.418706476688385,-12.0384521484375
197.81996154785156,-0.4204651713371277,-8.1932373046875
197.8250732421875,-0.4216831922531128,-4.4090576171875
197.83018493652344,-0.4225029945373535,-0.5028076171875
197.83529663085938,-0.4230034053325653,3.1593017578125
197.84042358398438,-0.4231484532356262,6.8214111328125
197.8455352783203,-0.42288321256637573,10.3614501953125
197.85064697265625,-0.42233291268348694,13.7183837890625
197.8557586669922,-0.42146357893943787,17.1363525390625
197.86087036132812,-0.4202609062194824,20.6153564453125
197.86598205566406,-0.4186305105686188,23.9112548828125
197.87109375,-0.41661542654037476,27.1461181640625
197.87620544433594,-0.4143480360507965,30.5030517578125
197.88131713867188,-0.4118817150592804,33.6768798828125
197.8864288330078,-0.40919822454452515,36.9117431640625
197.89154052734375,-0.4061424136161804,40.0855712890625
197.8966522216797,-0.40270981192588806,43.2593994140625
197.90174865722656,-0.3990650475025177,46.3111572265625
197.9068603515625,-0.39511027932167053,49.2408447265625
197.91200256347656,-0.3909541964530945,52.1705322265625
197.91709899902344,-0.3865579068660736,55.2833251953125
197.92477416992188,-0.3794475197792053,59.6168212890625
197.9298858642578,-0.3743259906768799,62.6685791015625
198.01425170898438,-0.2545313537120819,100.0831298828125
198.0193634033203,-0.24548281729221344,101.9752197265625
198.0244903564453,-0.2362855076789856,103.4400634765625
198.0296173095703,-0.22678786516189575,105.0269775390625
198.03472900390625,-0.2171947956085205,106.2476806640625
198.0398406982422,-0.20756468176841736,107.6514892578125
198.04495239257812,-0.19784937798976898,108.8721923828125
198.05006408691406,-0.18796323239803314,110.0318603515625
198.05517578125,-0.177927628159523,111.2525634765625
198.06028747558594,-0.167839914560318,112.1070556640625
198.06541442871094,-0.15761218965053558,113.1446533203125
198.07052612304688,-0.1472080647945404,113.9381103515625
198.0756378173828,-0.13666260242462158,114.7926025390625
198.08074951171875,-0.1261080950498581,115.1588134765625
198.08587646484375,-0.11545272171497345,115.7081298828125
198.09100341796875,-0.10476868599653244,116.1964111328125
198.0961151123047,-0.09399144351482391,116.4405517578125
198.10122680664062,-0.08315358310937881,116.8677978515625
198.10633850097656,-0.07232788950204849,117.0509033203125
198.11146545410156,-0.061363834887742996,117.0509033203125
198.11656188964844,-0.0503079853951931,116.9898681640625
198.12167358398438,-0.03935014083981514,116.9898681640625
198.1267852783203,-0.028468823060393333,116.5626220703125
198.1319122314453,-0.017508650198578835,116.2574462890625
198.13702392578125,-0.006527503952383995,115.8912353515625
198.21627807617188,0.15521734952926636,99.0455322265625
198.2213897705078,0.16468429565429688,97.2144775390625
198.2265167236328,0.17410556972026825,95.4444580078125
198.23162841796875,0.18336153030395508,93.4913330078125
198.2393035888672,0.19681937992572784,90.4395751953125
198.24441528320312,0.20556649565696716,88.4864501953125
198.24952697753906,0.21422819793224335,86.3502197265625
198.254638671875,0.22260260581970215,84.1529541015625
198.25975036621094,0.23069824278354645,81.9556884765625
198.26486206054688,0.2385820746421814,79.4532470703125
198.26998901367188,0.24639315903186798,77.1949462890625
198.2751007080078,0.25395187735557556,74.5093994140625
198.27764892578125,0.25762322545051575,73.5328369140625
198.2853240966797,0.2681933343410492,69.6265869140625
198.2904510498047,0.2749987542629242,66.9410400390625
198.29556274414062,0.2816389501094818,64.3165283203125
198.30068969726562,0.28793200850486755,61.6309814453125
198.3057861328125,0.29388943314552307,59.0064697265625
198.31089782714844,0.29965919256210327,56.1988525390625
198.31602478027344,0.3052094876766205,53.3302001953125
198.3211212158203,0.31044211983680725,50.5225830078125
198.32623291015625,0.31541135907173157,47.5928955078125
198.3313446044922,0.32007765769958496,44.7242431640625
198.3390350341797,0.3267136216163635,40.2686767578125
198.34414672851562,0.33077993988990784,37.4610595703125
198.4234161376953,0.35837164521217346,-10.5736083984375
198.42852783203125,0.35772478580474854,-13.3201904296875
198.4336395263672,0.35681772232055664,-16.2498779296875
198.43875122070312,0.3556441366672516,-19.1185302734375
198.44386291503906,0.3542472720146179,-21.9261474609375
198.448974609375,0.3525259792804718,-24.6727294921875
198.45408630371094,0.35053765773773193,-27.4193115234375
198.45919799804688,0.34827739000320435,-30.1048583984375
198.4617462158203,0.3470726013183594,-31.3865966796875
198.46685791015625,0.34444865584373474,-34.1942138671875
198.4719696044922,0.3415233790874481,-36.8187255859375
198.47962951660156,0.33675381541252136,-40.5418701171875
198.4847412109375,0.3333042860031128,-43.0443115234375
198.4898681640625,0.32959434390068054,-45.6077880859375
198.4949951171875,0.3255558907985687,-48.1102294921875
198.50010681152344,0.3213806450366974,-50.4295654296875
198.50521850585938,0.3170508146286011,-52.8099365234375
198.50778198242188,0.3147883117198944,-53.9696044921875
198.5128936767578,0.3100716173648834,-56.2889404296875
198.5180206298828,0.3050685524940491,-58.5472412109375
198.5231170654297,0.29997310042381287,-60.6834716796875
198.53079223632812,0.291892945766449,-63.9793701171875
198.53590393066406,0.2862478792667389,-66.0545654296875
198.541015625,0.2803698182106018,-68.0687255859375
198.54612731933594,0.2743304967880249,-70.0828857421875
198.6253662109375,0.15992635488510132,-91.9945068359375
198.62791442871094,0.15569043159484863,-92.2996826171875
198.63302612304688,0.1472269594669342,-93.3372802734375
198.63815307617188,0.1386600136756897,-94.1307373046875
198.64324951171875,0.13006174564361572,-94.5579833984375
198.6483612060547,0.12134725600481033,-95.2293701171875
198.6534881591797,0.11256898939609528,-95.7786865234375
198.65858459472656,0.10372349619865417,-96.1448974609375
198.66371154785156,0.09474700689315796,-96.4500732421875
198.66880798339844,0.08576587587594986,-96.5721435546875
198.67391967773438,0.07672843337059021,-96.9993896484375
198.6790313720703,0.06774669885635376,-97.0604248046875
198.68414306640625,0.05869762971997261,-96.9993896484375
198.6892547607422,0.04962797462940216,-96.9383544921875
198.69436645507812,0.04054516181349754,-96.8162841796875
198.69949340820312,0.03145989775657654,-96.5721435546875
198.70716857910156,0.017892103642225266,-96.1448974609375
198.709716796875,0.01335127279162407,-95.9007568359375
198.71737670898438,-0.00028708571335300803,-95.1683349609375
198.72250366210938,-0.009360556490719318,-94.6190185546875
198.7276153564453,-0.018387561663985252,-94.0697021484375
198.73272705078125,-0.027257144451141357,-93.3372802734375
198.7378387451172,-0.036017440259456635,-92.7269287109375
198.74295043945312,-0.04464723542332649,-91.8114013671875
198.75062561035156,-0.057447582483291626,-90.4686279296875
198.8427276611328,-0.19490201771259308,-62.3924560546875
198.8478546142578,-0.20117062330245972,-60.1341552734375
198.85296630859375,-0.2071884572505951,-58.0589599609375
198.86062622070312,-0.21572889387607574,-54.7020263671875
198.86573791503906,-0.22115659713745117,-52.3826904296875
198.87086486816406,-0.22627055644989014,-50.3074951171875
198.87599182128906,-0.23119516670703888,-47.9271240234375
198.881103515625,-0.23593081533908844,-45.6688232421875
198.88365173339844,-0.23824013769626617,-44.4481201171875
198.89132690429688,-0.2447330504655838,-40.8470458984375
198.89389038085938,-0.246782124042511,-39.6873779296875
198.8990020751953,-0.2507348954677582,-37.0628662109375
198.9041290283203,-0.25450512766838074,-34.6824951171875
198.9092559814453,-0.2580050528049469,-32.1800537109375
198.91436767578125,-0.261264830827713,-29.6776123046875
198.92202758789062,-0.26583239436149597,-25.6492919921875
198.92713928222656,-0.2686811685562134,-23.0858154296875
198.92970275878906,-0.2699868977069855,-21.8651123046875
198.9373779296875,-0.2736007869243622,-17.7757568359375
198.94248962402344,-0.2757045328617096,-14.9681396484375
198.94761657714844,-0.2775583565235138,-12.4046630859375
198.95272827148438,-0.2791912853717804,-9.6580810546875
198.95785522460938,-0.28049102425575256,-6.9725341796875
198.9629669189453,-0.2815474569797516,-4.1649169921875
